{
  "GetBookingIds" : {
    "transaction" : "GetBookingIds",
    "sampleCount" : 100,
    "errorCount" : 0,
    "errorPct" : 0.0,
    "meanResTime" : 522.2699999999998,
    "medianResTime" : 521.0,
    "minResTime" : 507.0,
    "maxResTime" : 574.0,
    "pct1ResTime" : 529.0,
    "pct2ResTime" : 539.5999999999999,
    "pct3ResTime" : 573.8299999999999,
    "throughput" : 10.36376826614157,
    "receivedKBytesPerSec" : 286.30314669913986,
    "sentKBytesPerSec" : 1.3865588402943312
  },
  "HealthCheck " : {
    "transaction" : "HealthCheck ",
    "sampleCount" : 100,
    "errorCount" : 0,
    "errorPct" : 0.0,
    "meanResTime" : 1066.0500000000002,
    "medianResTime" : 1038.0,
    "minResTime" : 1015.0,
    "maxResTime" : 1616.0,
    "pct1ResTime" : 1070.1000000000001,
    "pct2ResTime" : 1350.9999999999989,
    "pct3ResTime" : 1616.0,
    "throughput" : 9.266123054114159,
    "receivedKBytesPerSec" : 6.826164635841364,
    "sentKBytesPerSec" : 1.21255907153447
  },
  "PartialUpdateBooking" : {
    "transaction" : "PartialUpdateBooking",
    "sampleCount" : 100,
    "errorCount" : 0,
    "errorPct" : 0.0,
    "meanResTime" : 261.31000000000006,
    "medianResTime" : 261.0,
    "minResTime" : 254.0,
    "maxResTime" : 286.0,
    "pct1ResTime" : 265.9,
    "pct2ResTime" : 267.0,
    "pct3ResTime" : 285.9,
    "throughput" : 10.650761529449357,
    "receivedKBytesPerSec" : 9.546993156885717,
    "sentKBytesPerSec" : 3.203549366279689
  },
  "Total" : {
    "transaction" : "Total",
    "sampleCount" : 900,
    "errorCount" : 0,
    "errorPct" : 0.0,
    "meanResTime" : 407.52999999999923,
    "medianResTime" : 262.0,
    "minResTime" : 252.0,
    "maxResTime" : 1616.0,
    "pct1ResTime" : 1024.0,
    "pct2ResTime" : 1040.0,
    "pct3ResTime" : 1075.95,
    "throughput" : 67.26457399103138,
    "receivedKBytesPerSec" : 257.634120422272,
    "sentKBytesPerSec" : 17.626296244394617
  },
  "Create Booking" : {
    "transaction" : "Create Booking",
    "sampleCount" : 100,
    "errorCount" : 0,
    "errorPct" : 0.0,
    "meanResTime" : 260.36999999999995,
    "medianResTime" : 260.0,
    "minResTime" : 253.0,
    "maxResTime" : 276.0,
    "pct1ResTime" : 265.0,
    "pct2ResTime" : 267.95,
    "pct3ResTime" : 275.96999999999997,
    "throughput" : 10.643959552953698,
    "receivedKBytesPerSec" : 9.856057078233103,
    "sentKBytesPerSec" : 4.833438664183077
  },
  "GetBookingIds - By Name" : {
    "transaction" : "GetBookingIds - By Name",
    "sampleCount" : 100,
    "errorCount" : 0,
    "errorPct" : 0.0,
    "meanResTime" : 260.2900000000001,
    "medianResTime" : 260.0,
    "minResTime" : 252.0,
    "maxResTime" : 284.0,
    "pct1ResTime" : 264.8,
    "pct2ResTime" : 268.0,
    "pct3ResTime" : 283.95,
    "throughput" : 10.649627263045794,
    "receivedKBytesPerSec" : 10.595963125665602,
    "sentKBytesPerSec" : 1.726404419595314
  },
  "Login" : {
    "transaction" : "Login",
    "sampleCount" : 100,
    "errorCount" : 0,
    "errorPct" : 0.0,
    "meanResTime" : 259.61000000000007,
    "medianResTime" : 259.0,
    "minResTime" : 252.0,
    "maxResTime" : 273.0,
    "pct1ResTime" : 264.0,
    "pct2ResTime" : 265.95,
    "pct3ResTime" : 272.96999999999997,
    "throughput" : 10.606703436571912,
    "receivedKBytesPerSec" : 8.050736502969876,
    "sentKBytesPerSec" : 2.5895272061943144
  },
  "DeleteBooking" : {
    "transaction" : "DeleteBooking",
    "sampleCount" : 100,
    "errorCount" : 0,
    "errorPct" : 0.0,
    "meanResTime" : 515.7000000000003,
    "medianResTime" : 515.0,
    "minResTime" : 504.0,
    "maxResTime" : 542.0,
    "pct1ResTime" : 522.0,
    "pct2ResTime" : 524.95,
    "pct3ResTime" : 541.9499999999999,
    "throughput" : 10.36591686534674,
    "receivedKBytesPerSec" : 7.622593163677827,
    "sentKBytesPerSec" : 2.5611103192702394
  },
  "Get Booking" : {
    "transaction" : "Get Booking",
    "sampleCount" : 100,
    "errorCount" : 0,
    "errorPct" : 0.0,
    "meanResTime" : 260.6699999999999,
    "medianResTime" : 260.0,
    "minResTime" : 253.0,
    "maxResTime" : 291.0,
    "pct1ResTime" : 266.0,
    "pct2ResTime" : 267.95,
    "pct3ResTime" : 290.88999999999993,
    "throughput" : 10.641694157709908,
    "receivedKBytesPerSec" : 9.556740183037139,
    "sentKBytesPerSec" : 2.0784558901777164
  },
  "UpdateBooking" : {
    "transaction" : "UpdateBooking",
    "sampleCount" : 100,
    "errorCount" : 0,
    "errorPct" : 0.0,
    "meanResTime" : 261.49999999999994,
    "medianResTime" : 261.0,
    "minResTime" : 255.0,
    "maxResTime" : 273.0,
    "pct1ResTime" : 266.9,
    "pct2ResTime" : 268.0,
    "pct3ResTime" : 272.99,
    "throughput" : 10.647359454855195,
    "receivedKBytesPerSec" : 9.57888029706133,
    "sentKBytesPerSec" : 5.219701607751278
  }
}