{
  "GetBookingIds" : {
    "transaction" : "GetBookingIds",
    "sampleCount" : 2,
    "errorCount" : 0,
    "errorPct" : 0.0,
    "meanResTime" : 805.0,
    "medianResTime" : 805.0,
    "minResTime" : 796.0,
    "maxResTime" : 814.0,
    "pct1ResTime" : 814.0,
    "pct2ResTime" : 814.0,
    "pct3ResTime" : 814.0,
    "throughput" : 0.3759398496240602,
    "receivedKBytesPerSec" : 24.59450628524436,
    "sentKBytesPerSec" : 0.05029664003759398
  },
  "HealthCheck " : {
    "transaction" : "HealthCheck ",
    "sampleCount" : 2,
    "errorCount" : 0,
    "errorPct" : 0.0,
    "meanResTime" : 1235.0,
    "medianResTime" : 1235.0,
    "minResTime" : 1054.0,
    "maxResTime" : 1416.0,
    "pct1ResTime" : 1416.0,
    "pct2ResTime" : 1416.0,
    "pct3ResTime" : 1416.0,
    "throughput" : 0.33517680576504105,
    "receivedKBytesPerSec" : 0.2458181456343221,
    "sentKBytesPerSec" : 0.043861027316909676
  },
  "PartialUpdateBooking" : {
    "transaction" : "PartialUpdateBooking",
    "sampleCount" : 2,
    "errorCount" : 0,
    "errorPct" : 0.0,
    "meanResTime" : 271.0,
    "medianResTime" : 271.0,
    "minResTime" : 270.0,
    "maxResTime" : 272.0,
    "pct1ResTime" : 272.0,
    "pct2ResTime" : 272.0,
    "pct3ResTime" : 272.0,
    "throughput" : 0.41814760610495505,
    "receivedKBytesPerSec" : 0.37282105895881246,
    "sentKBytesPerSec" : 0.125770959648756
  },
  "Total" : {
    "transaction" : "Total",
    "sampleCount" : 18,
    "errorCount" : 0,
    "errorPct" : 0.0,
    "meanResTime" : 462.2777777777778,
    "medianResTime" : 269.5,
    "minResTime" : 262.0,
    "maxResTime" : 1416.0,
    "pct1ResTime" : 1090.2000000000005,
    "pct2ResTime" : 1416.0,
    "pct3ResTime" : 1416.0,
    "throughput" : 2.022017524151876,
    "receivedKBytesPerSec" : 16.21201257442148,
    "sentKBytesPerSec" : 0.5298581077286003
  },
  "Create Booking" : {
    "transaction" : "Create Booking",
    "sampleCount" : 2,
    "errorCount" : 0,
    "errorPct" : 0.0,
    "meanResTime" : 262.5,
    "medianResTime" : 262.5,
    "minResTime" : 262.0,
    "maxResTime" : 263.0,
    "pct1ResTime" : 263.0,
    "pct2ResTime" : 263.0,
    "pct3ResTime" : 263.0,
    "throughput" : 0.41797283176593525,
    "receivedKBytesPerSec" : 0.38572688087774293,
    "sentKBytesPerSec" : 0.1898021159874608
  },
  "GetBookingIds - By Name" : {
    "transaction" : "GetBookingIds - By Name",
    "sampleCount" : 2,
    "errorCount" : 0,
    "errorPct" : 0.0,
    "meanResTime" : 266.5,
    "medianResTime" : 266.5,
    "minResTime" : 262.0,
    "maxResTime" : 271.0,
    "pct1ResTime" : 271.0,
    "pct2ResTime" : 271.0,
    "pct3ResTime" : 271.0,
    "throughput" : 0.41867280720117234,
    "receivedKBytesPerSec" : 0.37778679087293277,
    "sentKBytesPerSec" : 0.06787078710487754
  },
  "Login" : {
    "transaction" : "Login",
    "sampleCount" : 2,
    "errorCount" : 0,
    "errorPct" : 0.0,
    "meanResTime" : 264.5,
    "medianResTime" : 264.5,
    "minResTime" : 263.0,
    "maxResTime" : 266.0,
    "pct1ResTime" : 266.0,
    "pct2ResTime" : 266.0,
    "pct3ResTime" : 266.0,
    "throughput" : 0.415541242468315,
    "receivedKBytesPerSec" : 0.314090743818824,
    "sentKBytesPerSec" : 0.10145049864949096
  },
  "DeleteBooking" : {
    "transaction" : "DeleteBooking",
    "sampleCount" : 2,
    "errorCount" : 0,
    "errorPct" : 0.0,
    "meanResTime" : 523.0,
    "medianResTime" : 523.0,
    "minResTime" : 521.0,
    "maxResTime" : 525.0,
    "pct1ResTime" : 525.0,
    "pct2ResTime" : 525.0,
    "pct3ResTime" : 525.0,
    "throughput" : 0.39698292973402144,
    "receivedKBytesPerSec" : 0.29037130309646686,
    "sentKBytesPerSec" : 0.09808269650655022
  },
  "Get Booking" : {
    "transaction" : "Get Booking",
    "sampleCount" : 2,
    "errorCount" : 0,
    "errorPct" : 0.0,
    "meanResTime" : 264.5,
    "medianResTime" : 264.5,
    "minResTime" : 264.0,
    "maxResTime" : 265.0,
    "pct1ResTime" : 265.0,
    "pct2ResTime" : 265.0,
    "pct3ResTime" : 265.0,
    "throughput" : 0.4177109440267335,
    "receivedKBytesPerSec" : 0.3761030179615706,
    "sentKBytesPerSec" : 0.08158416875522138
  },
  "UpdateBooking" : {
    "transaction" : "UpdateBooking",
    "sampleCount" : 2,
    "errorCount" : 0,
    "errorPct" : 0.0,
    "meanResTime" : 268.5,
    "medianResTime" : 268.5,
    "minResTime" : 268.0,
    "maxResTime" : 269.0,
    "pct1ResTime" : 269.0,
    "pct2ResTime" : 269.0,
    "pct3ResTime" : 269.0,
    "throughput" : 0.4182350480970305,
    "receivedKBytesPerSec" : 0.3765749163529904,
    "sentKBytesPerSec" : 0.2050331974069427
  }
}