{
  "GetBookingIds" : {
    "transaction" : "GetBookingIds",
    "sampleCount" : 500,
    "errorCount" : 0,
    "errorPct" : 0.0,
    "meanResTime" : 569.2499999999997,
    "medianResTime" : 551.0,
    "minResTime" : 511.0,
    "maxResTime" : 1101.0,
    "pct1ResTime" : 635.9000000000001,
    "pct2ResTime" : 681.0,
    "pct3ResTime" : 722.95,
    "throughput" : 51.57297576070139,
    "receivedKBytesPerSec" : 1471.2685138924703,
    "sentKBytesPerSec" : 6.899900077359463
  },
  "HealthCheck " : {
    "transaction" : "HealthCheck ",
    "sampleCount" : 500,
    "errorCount" : 0,
    "errorPct" : 0.0,
    "meanResTime" : 1184.6100000000008,
    "medianResTime" : 1114.0,
    "minResTime" : 1031.0,
    "maxResTime" : 3925.0,
    "pct1ResTime" : 1297.9,
    "pct2ResTime" : 1549.0499999999997,
    "pct3ResTime" : 2661.2500000000045,
    "throughput" : 45.88839941262849,
    "receivedKBytesPerSec" : 33.77099394273127,
    "sentKBytesPerSec" : 6.004927266886931
  },
  "PartialUpdateBooking" : {
    "transaction" : "PartialUpdateBooking",
    "sampleCount" : 500,
    "errorCount" : 0,
    "errorPct" : 0.0,
    "meanResTime" : 289.666,
    "medianResTime" : 279.0,
    "minResTime" : 253.0,
    "maxResTime" : 469.0,
    "pct1ResTime" : 330.80000000000007,
    "pct2ResTime" : 378.95,
    "pct3ResTime" : 460.0,
    "throughput" : 53.49882302589343,
    "receivedKBytesPerSec" : 48.00808835330623,
    "sentKBytesPerSec" : 16.091442863257008
  },
  "Total" : {
    "transaction" : "Total",
    "sampleCount" : 4500,
    "errorCount" : 0,
    "errorPct" : 0.0,
    "meanResTime" : 447.91777777777844,
    "medianResTime" : 297.0,
    "minResTime" : 253.0,
    "maxResTime" : 3925.0,
    "pct1ResTime" : 1067.0,
    "pct2ResTime" : 1120.0,
    "pct3ResTime" : 1304.0,
    "throughput" : 333.01265448087025,
    "receivedKBytesPerSec" : 1385.069513500888,
    "sentKBytesPerSec" : 87.26405822171243
  },
  "Create Booking" : {
    "transaction" : "Create Booking",
    "sampleCount" : 500,
    "errorCount" : 0,
    "errorPct" : 0.0,
    "meanResTime" : 284.7540000000002,
    "medianResTime" : 276.0,
    "minResTime" : 254.0,
    "maxResTime" : 416.0,
    "pct1ResTime" : 321.90000000000003,
    "pct2ResTime" : 344.95,
    "pct3ResTime" : 390.0,
    "throughput" : 53.02789267154524,
    "receivedKBytesPerSec" : 49.090571640682995,
    "sentKBytesPerSec" : 24.08004891823099
  },
  "GetBookingIds - By Name" : {
    "transaction" : "GetBookingIds - By Name",
    "sampleCount" : 500,
    "errorCount" : 0,
    "errorPct" : 0.0,
    "meanResTime" : 286.106,
    "medianResTime" : 277.0,
    "minResTime" : 254.0,
    "maxResTime" : 417.0,
    "pct1ResTime" : 319.90000000000003,
    "pct2ResTime" : 357.79999999999995,
    "pct3ResTime" : 402.97,
    "throughput" : 53.23112956456936,
    "receivedKBytesPerSec" : 162.44643617587565,
    "sentKBytesPerSec" : 8.62926514425636
  },
  "Login" : {
    "transaction" : "Login",
    "sampleCount" : 500,
    "errorCount" : 0,
    "errorPct" : 0.0,
    "meanResTime" : 279.7619999999999,
    "medianResTime" : 272.0,
    "minResTime" : 254.0,
    "maxResTime" : 399.0,
    "pct1ResTime" : 310.90000000000003,
    "pct2ResTime" : 328.79999999999995,
    "pct3ResTime" : 377.0,
    "throughput" : 52.994170641229466,
    "receivedKBytesPerSec" : 40.199390567037625,
    "sentKBytesPerSec" : 12.93802994170641
  },
  "DeleteBooking" : {
    "transaction" : "DeleteBooking",
    "sampleCount" : 500,
    "errorCount" : 0,
    "errorPct" : 0.0,
    "meanResTime" : 559.0280000000002,
    "medianResTime" : 544.0,
    "minResTime" : 503.0,
    "maxResTime" : 736.0,
    "pct1ResTime" : 613.9000000000001,
    "pct2ResTime" : 694.95,
    "pct3ResTime" : 721.0,
    "throughput" : 52.09418628881017,
    "receivedKBytesPerSec" : 38.45120728276724,
    "sentKBytesPerSec" : 12.870926885809542
  },
  "Get Booking" : {
    "transaction" : "Get Booking",
    "sampleCount" : 500,
    "errorCount" : 0,
    "errorPct" : 0.0,
    "meanResTime" : 287.9939999999998,
    "medianResTime" : 278.0,
    "minResTime" : 254.0,
    "maxResTime" : 412.0,
    "pct1ResTime" : 334.0,
    "pct2ResTime" : 353.95,
    "pct3ResTime" : 395.99,
    "throughput" : 53.05602716468591,
    "receivedKBytesPerSec" : 47.61736988009338,
    "sentKBytesPerSec" : 10.362505305602717
  },
  "UpdateBooking" : {
    "transaction" : "UpdateBooking",
    "sampleCount" : 500,
    "errorCount" : 0,
    "errorPct" : 0.0,
    "meanResTime" : 290.09,
    "medianResTime" : 280.0,
    "minResTime" : 255.0,
    "maxResTime" : 471.0,
    "pct1ResTime" : 328.90000000000003,
    "pct2ResTime" : 345.9,
    "pct3ResTime" : 462.95000000000005,
    "throughput" : 53.430220132506946,
    "receivedKBytesPerSec" : 48.090120084419745,
    "sentKBytesPerSec" : 26.19333057277196
  }
}